METHOD,FAM,SFAM,FOLD,TIME
MMseqs2,0.53,0.07,0.0006,6
Foldseek,0.877,0.478,0.082,42
CLE-SW,0.716,0.232,0.010,194
3D-BLAST-SW,0.716,0.229,0.0113,190
3D-BLAST,0.532352,0.0946857,0.00484071,2601
TMalign,0.861,0.511,0.112,162240
TMalign-fast,0.866,0.517,0.113,62240
DALI,0.92,0.64,0.18,123010
CE,0.84,0.42,0.071,734030
