TOOL, SENSITIVITY, SELECTIVITY
Foldseek,0.4198665382955413,0.5373568102246847
MMseqs2,0.2235782344543674,0.4955554247365633
TMalign,0.3502008565452674,0.4469282264214897
DALI,0.39455470566431916,0.5342617011762774
CLE-SW,0.29168354304305966,0.34947216012601334
CE,0.1420787561264154,0.30676377860812704
